Workbook

Sheet ANALISIS
A1: ° | B1: PERSONAJE | C1: base | D1: prioridad | E1: Column5 | F1: Column6 | G1: Column7 | H1: Column8 | I1: Column9 | J1: Column10 | K1: Column11 | L1: Column12 | M1: Column13 | N1: Column14 | O1: Column15 | P1: Column16 | Q1: Column17 | R1: Column18 | S1: Column19 | T1: Column20
A2: 1 | B2: Mario | C2: =VLOOKUP(B2, PLAYERS!C:E, 3, FALSE) -> 6 | D2: =SUMIF(PLAYERS!C:C, B2, PLAYERS!E:E) -> 6
A3: 2 | B3: Donkey Kong | C3: =VLOOKUP(B3, PLAYERS!C:E, 3, FALSE) -> #N/A | D3: =SUMIF(PLAYERS!C:C, B3, PLAYERS!E:E) -> 0
A4: 3 | B4: Link | C4: =VLOOKUP(B4, PLAYERS!C:E, 3, FALSE) -> 5 | D4: =SUMIF(PLAYERS!C:C, B4, PLAYERS!E:E) -> 5
A5: 4 | B5: Samus | C5: =VLOOKUP(B5, PLAYERS!C:E, 3, FALSE) -> #N/A | D5: =SUMIF(PLAYERS!C:C, B5, PLAYERS!E:E) -> 0
A6: 5 | B6: Yoshi | C6: =VLOOKUP(B6, PLAYERS!C:E, 3, FALSE) -> #N/A | D6: =SUMIF(PLAYERS!C:C, B6, PLAYERS!E:E) -> 0
A7: 6 | B7: Kirby | C7: =VLOOKUP(B7, PLAYERS!C:E, 3, FALSE) -> #N/A | D7: =SUMIF(PLAYERS!C:C, B7, PLAYERS!E:E) -> 0
A8: 7 | B8: Fox | C8: =VLOOKUP(B8, PLAYERS!C:E, 3, FALSE) -> #N/A | D8: =SUMIF(PLAYERS!C:C, B8, PLAYERS!E:E) -> 0
A9: 8 | B9: Pikachu | C9: =VLOOKUP(B9, PLAYERS!C:E, 3, FALSE) -> #N/A | D9: =SUMIF(PLAYERS!C:C, B9, PLAYERS!E:E) -> 0
A10: 9 | B10: Luigi | C10: =VLOOKUP(B10, PLAYERS!C:E, 3, FALSE) -> #N/A | D10: =SUMIF(PLAYERS!C:C, B10, PLAYERS!E:E) -> 0
A11: 10 | B11: Ness | C11: =VLOOKUP(B11, PLAYERS!C:E, 3, FALSE) -> #N/A | D11: =SUMIF(PLAYERS!C:C, B11, PLAYERS!E:E) -> 0
A12: 11 | B12: Captain Falcon | C12: =VLOOKUP(B12, PLAYERS!C:E, 3, FALSE) -> #N/A | D12: =SUMIF(PLAYERS!C:C, B12, PLAYERS!E:E) -> 0
A13: 12 | B13: Jigglypuff | C13: =VLOOKUP(B13, PLAYERS!C:E, 3, FALSE) -> #N/A | D13: =SUMIF(PLAYERS!C:C, B13, PLAYERS!E:E) -> 0
... A80: 79 | B80: Sora | C80: =VLOOKUP(B80, PLAYERS!C:E, 3, FALSE) -> #N/A | D80: =SUMIF(PLAYERS!C:C, B80, PLAYERS!E:E) -> 0

Sheet PLAYERS
A1: Rank | B1: Player | C1: Character 1 | D1: Character 2 | E1: ASISTENCIA JUGADOR | F1: GANABLE? | G1: NOTA: | H1: Column8 | I1: Column9 | J1: Column10 | K1: Column11 | L1: Column12 | M1: Column13 | N1: Column14 | O1: Column15 | P1: Column16 | Q1: Column17 | R1: Column18 | S1: Column19 | T1: Column20 | U1: Column21 | V1: Column22
A2: 1 | B2: OW / PHX | Peppa | C2: Mario | E2: 6 | F2: NO
A3: 2 | B3: Castle | C3: AEGIS | E3: 10 | F3: NO
A4: 3 | B4: TEW | iBet | C4: Wolf | E4: 24 | F4: NO
A5: 4 | B5: TEW | LÃ¶rd | C5: Ike | E5: 20 | F5: NO
A6: 5 | B6: Slade | C6: Roy | E6: 3 | F6: NO
A7: 6 | B7: TEW | LinkEa | C7: Link | E7: 5 | F7: NO
A8: 7 | B8: Diptox | C8: AEGIS | E8: 18 | F8: NO
A9: 8 | B9: PHX | Huanito | C9: Banjo & Kazooie | E9: 16 | F9: NO
A10: 9 | B10: PHX | Zoul | C10: Diddy Kong | E10: 21 | F10: NO
A11: 10 | B11: SyC | LeSoS | C11: Sonic | E11: 2 | F11: NO
A12: 11 | B12: TEW | Piporex | C12: Cloud | E12: 25 | F12: NO
A13: 12 | B13: PHX | Wakanda | C13: Terry | E13: 7 | F13: NO | G13: SOLO ASISTE A PARADOX SERIES
A14: 13 | B14: TEW | C8 | F14: NO
A15: 14 | B15: SS | F15: NO SE
A16: 15 | B16: TEW | Panda | F16: NO
A17: 16 | B17: PHX | Hikarii | F17: NO
A18: 17 | B18: Jubaea | F18: NO
A19: 18 | B19: PHX | Kero~ | F19: SI
A20: 19 | B20: PHX | Eliecer | F20: NO
A21: 20 | B21: Tew | Necrossb | F21: NO
A22: 21 | B22: TEW | Loba | F22: NO
A23: 22 | B23: SurgicalZ | F23: NO SE
A24: 23 | B24: Valenz | F24: NO
A25: 24 | B25: MNK | Porroyo | F25: NO SE
... A37: 36 | B37: SK | Al.chemyst | F37: SI
A38: 37 | B38: Coslento
A39: 38 | B39: Drim
A40: 39 | B40: Sebaibox
A41: 40 | B41: Hammer
A42: 41 | B42: DSL | Incoknito
A43: 42 | B43: ãƒ†ãƒ«
A44: 43 | B44: cloudyntt
A45: 44 | B45: Hakos
A46: 45 | B46: Medisend
A47: 46 | B47: Dubent
A48: 47 | B48: UV | Yamato
A49: 48 | B49: DLX | Rayas
... A88: 87 | B88: Vee

Sheet CHARACTERS
A1: id | B1: PERSONAJE | C1: Column1 | D1: Column4 | E1: Column5 | F1: Column6 | G1: Column7 | H1: Column8 | I1: Column9 | J1: Column10 | K1: Column11 | L1: Column12 | M1: Column13 | N1: Column14 | O1: Column15 | P1: Column16 | Q1: Column17 | R1: Column18
A2: 1 | B2: Mario
A3: 2 | B3: Donkey Kong
A4: 3 | B4: Link
A5: 4 | B5: Samus
A6: 5 | B6: Yoshi
A7: 6 | B7: Kirby
A8: 7 | B8: Fox
A9: 8 | B9: Pikachu
A10: 9 | B10: Luigi
A11: 10 | B11: Ness
A12: 11 | B12: Captain Falcon
A13: 12 | B13: Jigglypuff
... A80: 79 | B80: Sora

Sheet metadata
A1: Column1 | B1: Column2 | C1: Column3 | D1: Column4 | E1: Column5 | F1: Column6 | G1: Column7 | H1: Column8 | I1: Column9 | J1: Column10 | K1: Column11 | L1: Column12 | M1: Column13 | N1: Column14 | O1: Column15 | P1: Column16 | Q1: Column17 | R1: Column18 | S1: Column19 | T1: Column20 | U1: Column21 | V1: Column22 | W1: Column23
A2: 46005
